{
  "Phase 1: Friction Optimization": {
    "daily_buf5pct": {
      "total_return_pct": 667.0803227394998,
      "cagr_pct": 27.551657874510216,
      "sharpe": 1.0613293254201743,
      "sortino": 1.112079869969436,
      "max_drawdown_pct": -27.050062548469672,
      "calmar": 1.0185432224099948,
      "profit_factor": 1.1946044224309231,
      "annual_volatility_pct": 26.184525692914573,
      "return_dd_ratio": 24.660953058581345,
      "net_pnl": 667080.3227394999,
      "total_trades": 2012,
      "total_friction": 146541.82426050003,
      "n_years": 8.372347707049967,
      "instrument_pnl": {
        "QQQ": 46829.697000000124,
        "GLD": 378573.09000000067,
        "BTC-USD": 388219.36000000004
      },
      "start_equity": 100000.0,
      "end_equity": 767080.3227394999,
      "rebalance_frequency": "daily"
    },
    "daily_buf10pct": {
      "total_return_pct": 742.3407489389996,
      "cagr_pct": 28.98553657354066,
      "sharpe": 1.1074278198457408,
      "sortino": 1.1889890973609911,
      "max_drawdown_pct": -26.525497504423832,
      "calmar": 1.0927424290046417,
      "profit_factor": 1.2007786873869883,
      "annual_volatility_pct": 26.076805825363973,
      "return_dd_ratio": 27.985931227687416,
      "net_pnl": 742340.7489389996,
      "total_trades": 1417,
      "total_friction": 136116.515061,
      "n_years": 8.372347707049967,
      "instrument_pnl": {
        "QQQ": 59534.65900000011,
        "GLD": 405706.88500000077,
        "BTC-USD": 413215.72000000003
      },
      "start_equity": 100000.0,
      "end_equity": 842340.7489389996,
      "rebalance_frequency": "daily"
    },
    "daily_buf15pct": {
      "total_return_pct": 750.4951486419988,
      "cagr_pct": 29.134046042225158,
      "sharpe": 1.114338013182506,
      "sortino": 1.1817129088202478,
      "max_drawdown_pct": -26.71743090968377,
      "calmar": 1.0904508798286248,
      "profit_factor": 1.1994027771502778,
      "annual_volatility_pct": 26.002276448506166,
      "return_dd_ratio": 28.090094110432627,
      "net_pnl": 750495.1486419986,
      "total_trades": 1124,
      "total_friction": 127106.402358,
      "n_years": 8.372347707049967,
      "instrument_pnl": {
        "QQQ": 66328.0010000001,
        "GLD": 408273.8900000007,
        "BTC-USD": 402999.66000000003
      },
      "start_equity": 100000.0,
      "end_equity": 850495.1486419986,
      "rebalance_frequency": "daily"
    },
    "daily_buf20pct": {
      "total_return_pct": 745.8367552794992,
      "cagr_pct": 29.04936085050347,
      "sharpe": 1.1127256819441362,
      "sortino": 1.1761132801747956,
      "max_drawdown_pct": -25.893066421420734,
      "calmar": 1.1218972823733078,
      "profit_factor": 1.1912469737149658,
      "annual_volatility_pct": 25.97562077811917,
      "return_dd_ratio": 28.80449704722828,
      "net_pnl": 745836.7552794992,
      "total_trades": 869,
      "total_friction": 122683.5077205,
      "n_years": 8.372347707049967,
      "instrument_pnl": {
        "QQQ": 66248.48800000003,
        "GLD": 409019.5950000008,
        "BTC-USD": 393252.18000000005
      },
      "start_equity": 100000.0,
      "end_equity": 845836.7552794992,
      "rebalance_frequency": "daily"
    },
    "daily_buf30pct": {
      "total_return_pct": 831.8914287675016,
      "cagr_pct": 30.551474005687453,
      "sharpe": 1.1533118455762261,
      "sortino": 1.2419803965610243,
      "max_drawdown_pct": -25.718779083115894,
      "calmar": 1.1879053009069225,
      "profit_factor": 1.188637566720305,
      "annual_volatility_pct": 26.088270848250257,
      "return_dd_ratio": 32.34568118801679,
      "net_pnl": 831891.4287675015,
      "total_trades": 570,
      "total_friction": 110584.5302325,
      "n_years": 8.372347707049967,
      "instrument_pnl": {
        "QQQ": 52225.6840000002,
        "GLD": 452239.91500000074,
        "BTC-USD": 438010.36
      },
      "start_equity": 100000.0,
      "end_equity": 931891.4287675015,
      "rebalance_frequency": "daily"
    },
    "weekly_buf5pct": {
      "total_return_pct": 630.6176709015003,
      "cagr_pct": 26.81185474855381,
      "sharpe": 1.0281017174875529,
      "sortino": 1.0709965180160514,
      "max_drawdown_pct": -27.09383019390651,
      "calmar": 0.9895926325907174,
      "profit_factor": 1.1811059113041367,
      "annual_volatility_pct": 26.565168270313695,
      "return_dd_ratio": 23.27532380576181,
      "net_pnl": 630617.6709015003,
      "total_trades": 616,
      "total_friction": 91641.6740985,
      "n_years": 8.372347707049967,
      "instrument_pnl": {
        "QQQ": 56642.105000000025,
        "GLD": 322696.65000000055,
        "BTC-USD": 342920.5900000001
      },
      "start_equity": 100000.0,
      "end_equity": 730617.6709015003,
      "rebalance_frequency": "weekly"
    },
    "weekly_buf10pct": {
      "total_return_pct": 624.5596308045012,
      "cagr_pct": 26.685804008139268,
      "sharpe": 1.0243995188115353,
      "sortino": 1.0817684300785022,
      "max_drawdown_pct": -26.772954695355004,
      "calmar": 0.9967448237145504,
      "profit_factor": 1.1787202182959609,
      "annual_volatility_pct": 26.563863746592926,
      "return_dd_ratio": 23.3280053662833,
      "net_pnl": 624559.6308045012,
      "total_trades": 545,
      "total_friction": 90203.60819549998,
      "n_years": 8.372347707049967,
      "instrument_pnl": {
        "QQQ": 58501.284000000014,
        "GLD": 319128.5850000005,
        "BTC-USD": 337133.37000000005
      },
      "start_equity": 100000.0,
      "end_equity": 724559.6308045012,
      "rebalance_frequency": "weekly"
    },
    "weekly_buf15pct": {
      "total_return_pct": 632.7813667019972,
      "cagr_pct": 26.856652172954988,
      "sharpe": 1.033681392315502,
      "sortino": 1.0909492994273353,
      "max_drawdown_pct": -27.079373585469767,
      "calmar": 0.9917752376430786,
      "profit_factor": 1.1800156916507134,
      "annual_volatility_pct": 26.416551919625103,
      "return_dd_ratio": 23.36765157084485,
      "net_pnl": 632781.3667019971,
      "total_trades": 492,
      "total_friction": 86774.07229800001,
      "n_years": 8.372347707049967,
      "instrument_pnl": {
        "QQQ": 67996.55900000001,
        "GLD": 318961.95000000054,
        "BTC-USD": 332596.93000000005
      },
      "start_equity": 100000.0,
      "end_equity": 732781.3667019971,
      "rebalance_frequency": "weekly"
    },
    "weekly_buf20pct": {
      "total_return_pct": 625.7365275395022,
      "cagr_pct": 26.710364357632166,
      "sharpe": 1.026429895187793,
      "sortino": 1.0880559556869511,
      "max_drawdown_pct": -27.4729799806066,
      "calmar": 0.9722412485462891,
      "profit_factor": 1.1775358768636441,
      "annual_volatility_pct": 26.51600268410511,
      "return_dd_ratio": 22.776434445088036,
      "net_pnl": 625736.5275395021,
      "total_trades": 435,
      "total_friction": 85438.76446050001,
      "n_years": 8.372347707049967,
      "instrument_pnl": {
        "QQQ": 56709.62200000006,
        "GLD": 317513.66000000056,
        "BTC-USD": 336952.01000000007
      },
      "start_equity": 100000.0,
      "end_equity": 725736.5275395021,
      "rebalance_frequency": "weekly"
    },
    "weekly_buf30pct": {
      "total_return_pct": 589.9832990845005,
      "cagr_pct": 25.94808255480945,
      "sharpe": 1.0074353819844235,
      "sortino": 1.0635124673634502,
      "max_drawdown_pct": -26.217652613527886,
      "calmar": 0.9897179941052638,
      "profit_factor": 1.1678849902226351,
      "annual_volatility_pct": 26.385371852715938,
      "return_dd_ratio": 22.503284629687958,
      "net_pnl": 589983.2990845004,
      "total_trades": 324,
      "total_friction": 77271.0049155,
      "n_years": 8.372347707049967,
      "instrument_pnl": {
        "QQQ": 39964.749000000185,
        "GLD": 302102.70500000054,
        "BTC-USD": 325186.8500000001
      },
      "start_equity": 100000.0,
      "end_equity": 689983.2990845004,