,QQQ,GLD,BTC-USD
QQQ,1.0,-1.1083613813554638e-05,0.0004017802384397218
GLD,-1.1083613813554638e-05,1.0,7.802628548635866e-05
BTC-USD,0.0004017802384397218,7.802628548635866e-05,1.0
